<?xml version="1.0" encoding="UTF-8"?>
<project-private xmlns="http://www.netbeans.org/ns/project-private/1">
    <editor-bookmarks xmlns="http://www.netbeans.org/ns/editor-bookmarks/2" lastBookmarkId="0"/>
    <open-files xmlns="http://www.netbeans.org/ns/projectui-open-files/2">
        <group>
            <file>file:/C:/Users/Daniel/Documents/MisionTIC_Ciclo2/Grupo%2007/Sesion09/ComponentePractico10_11/src/componentepractico10/ComponentePractico10.java</file>
            <file>file:/C:/Users/Daniel/Documents/MisionTIC_Ciclo2/Grupo%2007/Sesion09/ComponentePractico10_11/src/componentepractico10/Calzado.java</file>
            <file>file:/C:/Users/Daniel/Documents/MisionTIC_Ciclo2/Grupo%2007/Sesion09/ComponentePractico10_11/src/componentepractico10/Vista.java</file>
            <file>file:/C:/Users/Daniel/Documents/MisionTIC_Ciclo2/Grupo%2007/Sesion09/ComponentePractico10_11/src/componentepractico10/Prenda.java</file>
        </group>
    </open-files>
</project-private>
